{"cameraMode":{"drawMode":0,"name":"Shaded","section":"Shading Mode"},"sceneLighting":true,"audioPlay":false,"sceneViewState":{"showFog":false,"showMaterialUpdate":false,"showSkybox":false,"showFlares":false,"showImageEffects":false,"showParticleSystems":false},"in2DMode":false,"pivot":{"x":1.9985651969909669,"y":1.4622749090194703,"z":-1.7975119352340699},"rotation":{"x":0.0021740782540291549,"y":0.990813672542572,"z":0.016040554270148279,"w":-0.1342742145061493},"size":4.002387046813965,"orthographic":false}