{"cameraMode":{"drawMode":0,"name":"Shaded","section":"Shading Mode"},"sceneLighting":true,"audioPlay":false,"sceneViewState":{"showFog":false,"showMaterialUpdate":false,"showSkybox":false,"showFlares":false,"showImageEffects":false,"showParticleSystems":false},"in2DMode":false,"pivot":{"x":0.3222300410270691,"y":1.037999153137207,"z":-0.09703779220581055},"rotation":{"x":0.01654551923274994,"y":0.9792747497558594,"z":0.1809188425540924,"w":-0.0895567312836647},"size":3.4613466262817385,"orthographic":false}