{"cameraMode":{"drawMode":0,"name":"Shaded","section":"Shading Mode"},"sceneLighting":false,"audioPlay":false,"sceneViewState":{"showFog":false,"showMaterialUpdate":false,"showSkybox":false,"showFlares":false,"showImageEffects":false,"showParticleSystems":false},"in2DMode":false,"pivot":{"x":4.69437837600708,"y":4.753048419952393,"z":2.6343390941619875},"rotation":{"x":-0.03009824827313423,"y":0.9627847075462341,"z":-0.12079521268606186,"w":-0.23989833891391755},"size":13.09910774230957,"orthographic":false}